MAE_avg,MSE_avg,R2_avg
80.91623361257919,15320.015125810138,-0.4739060590282406
64.45860866627025,12584.511692429061,-0.2099420594610739
