MAE,MSE,R2
41.31988945007324,6369.5208984375,0.3874320089817047
31.611879193344567,4537.707479988656,0.5636234522885422
43.206868848655766,10397.884090755739,-4.2132426933072505e-06
52.84391697100066,8742.478981133912,0.15917268184387914
